Price,Maintenance Cost,Doors,Persons,Luggage Boot,Security,Acceptablity
52000,vhigh,2,2,small,low,unacc
70400,vhigh,2,2,small,med,unacc
88800,vhigh,2,2,small,high,unacc
52000,vhigh,2,2,med,low,unacc
70400,vhigh,2,2,med,med,unacc
88800,vhigh,2,2,med,high,unacc
52000,vhigh,2,2,big,low,unacc
70400,vhigh,2,2,big,med,unacc
88800,vhigh,2,2,big,high,unacc
52000,vhigh,2,4,small,low,unacc
70400,vhigh,2,4,small,med,unacc
89600,vhigh,2,4,small,high,unacc
52000,vhigh,2,4,med,low,unacc
70400,vhigh,2,4,med,med,unacc
89600,vhigh,2,4,med,high,unacc
52000,vhigh,2,4,big,low,unacc
71200,vhigh,2,4,big,med,unacc
89600,vhigh,2,4,big,high,unacc
52000,vhigh,2,more,small,low,unacc
71200,vhigh,2,more,small,med,unacc
89600,vhigh,2,more,small,high,unacc
52800,vhigh,2,more,med,low,unacc
71200,vhigh,2,more,med,med,unacc
89600,vhigh,2,more,med,high,unacc
52800,vhigh,2,more,big,low,unacc
71200,vhigh,2,more,big,med,unacc
89600,vhigh,2,more,big,high,unacc
52800,vhigh,3,2,small,low,unacc
71200,vhigh,3,2,small,med,unacc
90400,vhigh,3,2,small,high,unacc
52800,vhigh,3,2,med,low,unacc
71200,vhigh,3,2,med,med,unacc
90400,vhigh,3,2,med,high,unacc
52800,vhigh,3,2,big,low,unacc
72000,vhigh,3,2,big,med,unacc
90400,vhigh,3,2,big,high,unacc
52800,vhigh,3,4,small,low,unacc
72000,vhigh,3,4,small,med,unacc
90400,vhigh,3,4,small,high,unacc
53600,vhigh,3,4,med,low,unacc
72000,vhigh,3,4,med,med,unacc
90400,vhigh,3,4,med,high,unacc
53600,vhigh,3,4,big,low,unacc
72000,vhigh,3,4,big,med,unacc
90400,vhigh,3,4,big,high,unacc
53600,vhigh,3,more,small,low,unacc
72000,vhigh,3,more,small,med,unacc
91200,vhigh,3,more,small,high,unacc
53600,vhigh,3,more,med,low,unacc
72000,vhigh,3,more,med,med,unacc
91200,vhigh,3,more,med,high,unacc
53600,vhigh,3,more,big,low,unacc
72800,vhigh,3,more,big,med,unacc
91200,vhigh,3,more,big,high,unacc
53600,vhigh,4,2,small,low,unacc
72800,vhigh,4,2,small,med,unacc
91200,vhigh,4,2,small,high,unacc
54400,vhigh,4,2,med,low,unacc
72800,vhigh,4,2,med,med,unacc
91200,vhigh,4,2,med,high,unacc
54400,vhigh,4,2,big,low,unacc
72800,vhigh,4,2,big,med,unacc
91200,vhigh,4,2,big,high,unacc
54400,vhigh,4,4,small,low,unacc
72800,vhigh,4,4,small,med,unacc
92000,vhigh,4,4,small,high,unacc
54400,vhigh,4,4,med,low,unacc
72800,vhigh,4,4,med,med,unacc
92000,vhigh,4,4,med,high,unacc
54400,vhigh,4,4,big,low,unacc
73600,vhigh,4,4,big,med,unacc
92000,vhigh,4,4,big,high,unacc
54400,vhigh,4,more,small,low,unacc
73600,vhigh,4,more,small,med,unacc
92000,vhigh,4,more,small,high,unacc
55200,vhigh,4,more,med,low,unacc
73600,vhigh,4,more,med,med,unacc
92000,vhigh,4,more,med,high,unacc
55200,vhigh,4,more,big,low,unacc
73600,vhigh,4,more,big,med,unacc
92000,vhigh,4,more,big,high,unacc
55200,vhigh,5more,2,small,low,unacc
73600,vhigh,5more,2,small,med,unacc
92800,vhigh,5more,2,small,high,unacc
55200,vhigh,5more,2,med,low,unacc
73600,vhigh,5more,2,med,med,unacc
92800,vhigh,5more,2,med,high,unacc
55200,vhigh,5more,2,big,low,unacc
74400,vhigh,5more,2,big,med,unacc
92800,vhigh,5more,2,big,high,unacc
55200,vhigh,5more,4,small,low,unacc
74400,vhigh,5more,4,small,med,unacc
92800,vhigh,5more,4,small,high,unacc
56000,vhigh,5more,4,med,low,unacc
74400,vhigh,5more,4,med,med,unacc
92800,vhigh,5more,4,med,high,unacc
56000,vhigh,5more,4,big,low,unacc
74400,vhigh,5more,4,big,med,unacc
92800,vhigh,5more,4,big,high,unacc
56000,vhigh,5more,more,small,low,unacc
74400,vhigh,5more,more,small,med,unacc
93600,vhigh,5more,more,small,high,unacc
56000,vhigh,5more,more,med,low,unacc
74400,vhigh,5more,more,med,med,unacc
93600,vhigh,5more,more,med,high,unacc
56000,vhigh,5more,more,big,low,unacc
75200,vhigh,5more,more,big,med,unacc
93600,vhigh,5more,more,big,high,unacc
56000,high,2,2,small,low,unacc
75200,high,2,2,small,med,unacc
93600,high,2,2,small,high,unacc
56000,high,2,2,med,low,unacc
75200,high,2,2,med,med,unacc
93600,high,2,2,med,high,unacc
56800,high,2,2,big,low,unacc
75200,high,2,2,big,med,unacc
93600,high,2,2,big,high,unacc
56800,high,2,4,small,low,unacc
75200,high,2,4,small,med,unacc
93600,high,2,4,small,high,unacc
56800,high,2,4,med,low,unacc
75200,high,2,4,med,med,unacc
94400,high,2,4,med,high,unacc
56800,high,2,4,big,low,unacc
75200,high,2,4,big,med,unacc
94400,high,2,4,big,high,unacc
56800,high,2,more,small,low,unacc
76000,high,2,more,small,med,unacc
94400,high,2,more,small,high,unacc
56800,high,2,more,med,low,unacc
76000,high,2,more,med,med,unacc
94400,high,2,more,med,high,unacc
57600,high,2,more,big,low,unacc
76000,high,2,more,big,med,unacc
94400,high,2,more,big,high,unacc
57600,high,3,2,small,low,unacc
76000,high,3,2,small,med,unacc
94400,high,3,2,small,high,unacc
57600,high,3,2,med,low,unacc
76000,high,3,2,med,med,unacc
95200,high,3,2,med,high,unacc
57600,high,3,2,big,low,unacc
76000,high,3,2,big,med,unacc
95200,high,3,2,big,high,unacc
57600,high,3,4,small,low,unacc
76800,high,3,4,small,med,unacc
95200,high,3,4,small,high,unacc
57600,high,3,4,med,low,unacc
76800,high,3,4,med,med,unacc
95200,high,3,4,med,high,unacc
58400,high,3,4,big,low,unacc
76800,high,3,4,big,med,unacc
95200,high,3,4,big,high,unacc
58400,high,3,more,small,low,unacc
76800,high,3,more,small,med,unacc
95200,high,3,more,small,high,unacc
58400,high,3,more,med,low,unacc
76800,high,3,more,med,med,unacc
96000,high,3,more,med,high,unacc
58400,high,3,more,big,low,unacc
76800,high,3,more,big,med,unacc
96000,high,3,more,big,high,unacc
58400,high,4,2,small,low,unacc
77600,high,4,2,small,med,unacc
96000,high,4,2,small,high,unacc
58400,high,4,2,med,low,unacc
77600,high,4,2,med,med,unacc
96000,high,4,2,med,high,unacc
59200,high,4,2,big,low,unacc
77600,high,4,2,big,med,unacc
96000,high,4,2,big,high,unacc
59200,high,4,4,small,low,unacc
77600,high,4,4,small,med,unacc
96000,high,4,4,small,high,unacc
59200,high,4,4,med,low,unacc
77600,high,4,4,med,med,unacc
96800,high,4,4,med,high,unacc
59200,high,4,4,big,low,unacc
77600,high,4,4,big,med,unacc
96800,high,4,4,big,high,unacc
59200,high,4,more,small,low,unacc
78400,high,4,more,small,med,unacc
96800,high,4,more,small,high,unacc
59200,high,4,more,med,low,unacc
78400,high,4,more,med,med,unacc
96800,high,4,more,med,high,unacc
60000,high,4,more,big,low,unacc
78400,high,4,more,big,med,unacc
96800,high,4,more,big,high,unacc
60000,high,5more,2,small,low,unacc
78400,high,5more,2,small,med,unacc
96800,high,5more,2,small,high,unacc
60000,high,5more,2,med,low,unacc
78400,high,5more,2,med,med,unacc
97600,high,5more,2,med,high,unacc
60000,high,5more,2,big,low,unacc
78400,high,5more,2,big,med,unacc
97600,high,5more,2,big,high,unacc
60000,high,5more,4,small,low,unacc
79200,high,5more,4,small,med,unacc
97600,high,5more,4,small,high,unacc
60000,high,5more,4,med,low,unacc
79200,high,5more,4,med,med,unacc
97600,high,5more,4,med,high,unacc
60800,high,5more,4,big,low,unacc
79200,high,5more,4,big,med,unacc
97600,high,5more,4,big,high,unacc
60800,high,5more,more,small,low,unacc
79200,high,5more,more,small,med,unacc
97600,high,5more,more,small,high,unacc
60800,high,5more,more,med,low,unacc
79200,high,5more,more,med,med,unacc
98400,high,5more,more,med,high,unacc
60800,high,5more,more,big,low,unacc
79200,high,5more,more,big,med,unacc
98400,high,5more,more,big,high,unacc
60800,med,2,2,small,low,unacc
80000,med,2,2,small,med,unacc
98400,med,2,2,small,high,unacc
60800,med,2,2,med,low,unacc
80000,med,2,2,med,med,unacc
98400,med,2,2,med,high,unacc
60800,med,2,2,big,low,unacc
80000,med,2,2,big,med,unacc
98400,med,2,2,big,high,unacc
61600,med,2,4,small,low,unacc
80000,med,2,4,small,med,unacc
98400,med,2,4,small,high,acc
61600,med,2,4,med,low,unacc
80000,med,2,4,med,med,unacc
98400,med,2,4,med,high,acc
61600,med,2,4,big,low,unacc
80000,med,2,4,big,med,acc
99200,med,2,4,big,high,acc
61600,med,2,more,small,low,unacc
80000,med,2,more,small,med,unacc
99200,med,2,more,small,high,unacc
61600,med,2,more,med,low,unacc
80800,med,2,more,med,med,unacc
99200,med,2,more,med,high,acc
61600,med,2,more,big,low,unacc
80800,med,2,more,big,med,acc
99200,med,2,more,big,high,acc
62400,med,3,2,small,low,unacc
80800,med,3,2,small,med,unacc
99200,med,3,2,small,high,unacc
62400,med,3,2,med,low,unacc
80800,med,3,2,med,med,unacc
99200,med,3,2,med,high,unacc
62400,med,3,2,big,low,unacc
80800,med,3,2,big,med,unacc
100000,med,3,2,big,high,unacc
62400,med,3,4,small,low,unacc
80800,med,3,4,small,med,unacc
100000,med,3,4,small,high,acc
62400,med,3,4,med,low,unacc
81600,med,3,4,med,med,unacc
100000,med,3,4,med,high,acc
62400,med,3,4,big,low,unacc
81600,med,3,4,big,med,acc
100000,med,3,4,big,high,acc
63200,med,3,more,small,low,unacc
81600,med,3,more,small,med,unacc
100000,med,3,more,small,high,acc
63200,med,3,more,med,low,unacc
81600,med,3,more,med,med,acc
100000,med,3,more,med,high,acc
63200,med,3,more,big,low,unacc
81600,med,3,more,big,med,acc
100800,med,3,more,big,high,acc
63200,med,4,2,small,low,unacc
81600,med,4,2,small,med,unacc
100800,med,4,2,small,high,unacc
63200,med,4,2,med,low,unacc
82400,med,4,2,med,med,unacc
100800,med,4,2,med,high,unacc
63200,med,4,2,big,low,unacc
82400,med,4,2,big,med,unacc
100800,med,4,2,big,high,unacc
64000,med,4,4,small,low,unacc
82400,med,4,4,small,med,unacc
100800,med,4,4,small,high,acc
64000,med,4,4,med,low,unacc
82400,med,4,4,med,med,acc
100800,med,4,4,med,high,acc
64000,med,4,4,big,low,unacc
82400,med,4,4,big,med,acc
101600,med,4,4,big,high,acc
64000,med,4,more,small,low,unacc
82400,med,4,more,small,med,unacc
101600,med,4,more,small,high,acc
64000,med,4,more,med,low,unacc
83200,med,4,more,med,med,acc
101600,med,4,more,med,high,acc
64000,med,4,more,big,low,unacc
83200,med,4,more,big,med,acc
101600,med,4,more,big,high,acc
64800,med,5more,2,small,low,unacc
83200,med,5more,2,small,med,unacc
101600,med,5more,2,small,high,unacc
64800,med,5more,2,med,low,unacc
83200,med,5more,2,med,med,unacc
101600,med,5more,2,med,high,unacc
64800,med,5more,2,big,low,unacc
83200,med,5more,2,big,med,unacc
102400,med,5more,2,big,high,unacc
64800,med,5more,4,small,low,unacc
83200,med,5more,4,small,med,unacc
102400,med,5more,4,small,high,acc
64800,med,5more,4,med,low,unacc
84000,med,5more,4,med,med,acc
102400,med,5more,4,med,high,acc
64800,med,5more,4,big,low,unacc
84000,med,5more,4,big,med,acc
102400,med,5more,4,big,high,acc
65600,med,5more,more,small,low,unacc
84000,med,5more,more,small,med,unacc
102400,med,5more,more,small,high,acc
65600,med,5more,more,med,low,unacc
84000,med,5more,more,med,med,acc
102400,med,5more,more,med,high,acc
65600,med,5more,more,big,low,unacc
84000,med,5more,more,big,med,acc
103200,med,5more,more,big,high,acc
65600,low,2,2,small,low,unacc
84000,low,2,2,small,med,unacc
103200,low,2,2,small,high,unacc
65600,low,2,2,med,low,unacc
84000,low,2,2,med,med,unacc
103200,low,2,2,med,high,unacc
65600,low,2,2,big,low,unacc
84800,low,2,2,big,med,unacc
103200,low,2,2,big,high,unacc
65600,low,2,4,small,low,unacc
84800,low,2,4,small,med,unacc
103200,low,2,4,small,high,acc
66400,low,2,4,med,low,unacc
84800,low,2,4,med,med,unacc
103200,low,2,4,med,high,acc
66400,low,2,4,big,low,unacc
84800,low,2,4,big,med,acc
103200,low,2,4,big,high,acc
66400,low,2,more,small,low,unacc
84800,low,2,more,small,med,unacc
104000,low,2,more,small,high,unacc
66400,low,2,more,med,low,unacc
84800,low,2,more,med,med,unacc
104000,low,2,more,med,high,acc
66400,low,2,more,big,low,unacc
85600,low,2,more,big,med,acc
104000,low,2,more,big,high,acc
66400,low,3,2,small,low,unacc
85600,low,3,2,small,med,unacc
104000,low,3,2,small,high,unacc
67200,low,3,2,med,low,unacc
85600,low,3,2,med,med,unacc
104000,low,3,2,med,high,unacc
67200,low,3,2,big,low,unacc
85600,low,3,2,big,med,unacc
104000,low,3,2,big,high,unacc
67200,low,3,4,small,low,unacc
85600,low,3,4,small,med,unacc
104800,low,3,4,small,high,acc
67200,low,3,4,med,low,unacc
85600,low,3,4,med,med,unacc
104800,low,3,4,med,high,acc
67200,low,3,4,big,low,unacc
86400,low,3,4,big,med,acc
104800,low,3,4,big,high,acc
67200,low,3,more,small,low,unacc
86400,low,3,more,small,med,unacc
104800,low,3,more,small,high,acc
68000,low,3,more,med,low,unacc
86400,low,3,more,med,med,acc
104800,low,3,more,med,high,acc
68000,low,3,more,big,low,unacc
86400,low,3,more,big,med,acc
104800,low,3,more,big,high,acc
68000,low,4,2,small,low,unacc
86400,low,4,2,small,med,unacc
105600,low,4,2,small,high,unacc
68000,low,4,2,med,low,unacc
86400,low,4,2,med,med,unacc
105600,low,4,2,med,high,unacc
68000,low,4,2,big,low,unacc
87200,low,4,2,big,med,unacc
105600,low,4,2,big,high,unacc
68000,low,4,4,small,low,unacc
87200,low,4,4,small,med,unacc
105600,low,4,4,small,high,acc
68800,low,4,4,med,low,unacc
87200,low,4,4,med,med,acc
105600,low,4,4,med,high,acc
68800,low,4,4,big,low,unacc
87200,low,4,4,big,med,acc
105600,low,4,4,big,high,acc
68800,low,4,more,small,low,unacc
87200,low,4,more,small,med,unacc
106400,low,4,more,small,high,acc
68800,low,4,more,med,low,unacc
87200,low,4,more,med,med,acc
106400,low,4,more,med,high,acc
68800,low,4,more,big,low,unacc
88000,low,4,more,big,med,acc
106400,low,4,more,big,high,acc
68800,low,5more,2,small,low,unacc
88000,low,5more,2,small,med,unacc
106400,low,5more,2,small,high,unacc
69600,low,5more,2,med,low,unacc
88000,low,5more,2,med,med,unacc
106400,low,5more,2,med,high,unacc
69600,low,5more,2,big,low,unacc
88000,low,5more,2,big,med,unacc
106400,low,5more,2,big,high,unacc
69600,low,5more,4,small,low,unacc
88000,low,5more,4,small,med,unacc
107200,low,5more,4,small,high,acc
69600,low,5more,4,med,low,unacc
88000,low,5more,4,med,med,acc
107200,low,5more,4,med,high,acc
69600,low,5more,4,big,low,unacc
88800,low,5more,4,big,med,acc
107200,low,5more,4,big,high,acc
69600,low,5more,more,small,low,unacc
88800,low,5more,more,small,med,unacc
107200,low,5more,more,small,high,acc
70400,low,5more,more,med,low,unacc
88800,low,5more,more,med,med,acc
107200,low,5more,more,med,high,acc
70400,low,5more,more,big,low,unacc
88800,low,5more,more,big,med,acc
107200,low,5more,more,big,high,acc
24000,vhigh,2,2,small,low,unacc
33200,vhigh,2,2,small,med,unacc
42400,vhigh,2,2,small,high,unacc
24000,vhigh,2,2,med,low,unacc
33200,vhigh,2,2,med,med,unacc
42400,vhigh,2,2,med,high,unacc
24000,vhigh,2,2,big,low,unacc
33200,vhigh,2,2,big,med,unacc
42400,vhigh,2,2,big,high,unacc
24000,vhigh,2,4,small,low,unacc
33200,vhigh,2,4,small,med,unacc
42800,vhigh,2,4,small,high,unacc
24000,vhigh,2,4,med,low,unacc
33200,vhigh,2,4,med,med,unacc
42800,vhigh,2,4,med,high,unacc
24000,vhigh,2,4,big,low,unacc
33600,vhigh,2,4,big,med,unacc
42800,vhigh,2,4,big,high,unacc
24000,vhigh,2,more,small,low,unacc
33600,vhigh,2,more,small,med,unacc
42800,vhigh,2,more,small,high,unacc
24400,vhigh,2,more,med,low,unacc
33600,vhigh,2,more,med,med,unacc
42800,vhigh,2,more,med,high,unacc
24400,vhigh,2,more,big,low,unacc
33600,vhigh,2,more,big,med,unacc
42800,vhigh,2,more,big,high,unacc
24400,vhigh,3,2,small,low,unacc
33600,vhigh,3,2,small,med,unacc
43200,vhigh,3,2,small,high,unacc
24400,vhigh,3,2,med,low,unacc
33600,vhigh,3,2,med,med,unacc
43200,vhigh,3,2,med,high,unacc
24400,vhigh,3,2,big,low,unacc
34000,vhigh,3,2,big,med,unacc
43200,vhigh,3,2,big,high,unacc
24400,vhigh,3,4,small,low,unacc
34000,vhigh,3,4,small,med,unacc
43200,vhigh,3,4,small,high,unacc
24800,vhigh,3,4,med,low,unacc
34000,vhigh,3,4,med,med,unacc
43200,vhigh,3,4,med,high,unacc
24800,vhigh,3,4,big,low,unacc
34000,vhigh,3,4,big,med,unacc
43200,vhigh,3,4,big,high,unacc
24800,vhigh,3,more,small,low,unacc
34000,vhigh,3,more,small,med,unacc
43600,vhigh,3,more,small,high,unacc
24800,vhigh,3,more,med,low,unacc
34000,vhigh,3,more,med,med,unacc
43600,vhigh,3,more,med,high,unacc
24800,vhigh,3,more,big,low,unacc
34400,vhigh,3,more,big,med,unacc
43600,vhigh,3,more,big,high,unacc
24800,vhigh,4,2,small,low,unacc
34400,vhigh,4,2,small,med,unacc
43600,vhigh,4,2,small,high,unacc
25200,vhigh,4,2,med,low,unacc
34400,vhigh,4,2,med,med,unacc
43600,vhigh,4,2,med,high,unacc
25200,vhigh,4,2,big,low,unacc
34400,vhigh,4,2,big,med,unacc
43600,vhigh,4,2,big,high,unacc
25200,vhigh,4,4,small,low,unacc
34400,vhigh,4,4,small,med,unacc
44000,vhigh,4,4,small,high,unacc
25200,vhigh,4,4,med,low,unacc
34400,vhigh,4,4,med,med,unacc
44000,vhigh,4,4,med,high,unacc
25200,vhigh,4,4,big,low,unacc
34800,vhigh,4,4,big,med,unacc
44000,vhigh,4,4,big,high,unacc
25200,vhigh,4,more,small,low,unacc
34800,vhigh,4,more,small,med,unacc
44000,vhigh,4,more,small,high,unacc
25600,vhigh,4,more,med,low,unacc
34800,vhigh,4,more,med,med,unacc
44000,vhigh,4,more,med,high,unacc
25600,vhigh,4,more,big,low,unacc
34800,vhigh,4,more,big,med,unacc
44000,vhigh,4,more,big,high,unacc
25600,vhigh,5more,2,small,low,unacc
34800,vhigh,5more,2,small,med,unacc
44400,vhigh,5more,2,small,high,unacc
25600,vhigh,5more,2,med,low,unacc
34800,vhigh,5more,2,med,med,unacc
44400,vhigh,5more,2,med,high,unacc
25600,vhigh,5more,2,big,low,unacc
35200,vhigh,5more,2,big,med,unacc
44400,vhigh,5more,2,big,high,unacc
25600,vhigh,5more,4,small,low,unacc
35200,vhigh,5more,4,small,med,unacc
44400,vhigh,5more,4,small,high,unacc
26000,vhigh,5more,4,med,low,unacc
35200,vhigh,5more,4,med,med,unacc
44400,vhigh,5more,4,med,high,unacc
26000,vhigh,5more,4,big,low,unacc
35200,vhigh,5more,4,big,med,unacc
44400,vhigh,5more,4,big,high,unacc
26000,vhigh,5more,more,small,low,unacc
35200,vhigh,5more,more,small,med,unacc
44800,vhigh,5more,more,small,high,unacc
26000,vhigh,5more,more,med,low,unacc
35200,vhigh,5more,more,med,med,unacc
44800,vhigh,5more,more,med,high,unacc
26000,vhigh,5more,more,big,low,unacc
35600,vhigh,5more,more,big,med,unacc
44800,vhigh,5more,more,big,high,unacc
26000,high,2,2,small,low,unacc
35600,high,2,2,small,med,unacc
44800,high,2,2,small,high,unacc
26000,high,2,2,med,low,unacc
35600,high,2,2,med,med,unacc
44800,high,2,2,med,high,unacc
26400,high,2,2,big,low,unacc
35600,high,2,2,big,med,unacc
44800,high,2,2,big,high,unacc
26400,high,2,4,small,low,unacc
35600,high,2,4,small,med,unacc
44800,high,2,4,small,high,acc
26400,high,2,4,med,low,unacc
35600,high,2,4,med,med,unacc
45200,high,2,4,med,high,acc
26400,high,2,4,big,low,unacc
35600,high,2,4,big,med,acc
45200,high,2,4,big,high,acc
26400,high,2,more,small,low,unacc
36000,high,2,more,small,med,unacc
45200,high,2,more,small,high,unacc
26400,high,2,more,med,low,unacc
36000,high,2,more,med,med,unacc
45200,high,2,more,med,high,acc
26800,high,2,more,big,low,unacc
36000,high,2,more,big,med,acc
45200,high,2,more,big,high,acc
26800,high,3,2,small,low,unacc
36000,high,3,2,small,med,unacc
45200,high,3,2,small,high,unacc
26800,high,3,2,med,low,unacc
36000,high,3,2,med,med,unacc
45600,high,3,2,med,high,unacc
26800,high,3,2,big,low,unacc
36000,high,3,2,big,med,unacc
45600,high,3,2,big,high,unacc
26800,high,3,4,small,low,unacc
36400,high,3,4,small,med,unacc
45600,high,3,4,small,high,acc
26800,high,3,4,med,low,unacc
36400,high,3,4,med,med,unacc
45600,high,3,4,med,high,acc
27200,high,3,4,big,low,unacc
36400,high,3,4,big,med,acc
45600,high,3,4,big,high,acc
27200,high,3,more,small,low,unacc
36400,high,3,more,small,med,unacc
45600,high,3,more,small,high,acc
27200,high,3,more,med,low,unacc
36400,high,3,more,med,med,acc
46000,high,3,more,med,high,acc
27200,high,3,more,big,low,unacc
36400,high,3,more,big,med,acc
46000,high,3,more,big,high,acc
27200,high,4,2,small,low,unacc
36800,high,4,2,small,med,unacc
46000,high,4,2,small,high,unacc
27200,high,4,2,med,low,unacc
36800,high,4,2,med,med,unacc
46000,high,4,2,med,high,unacc
27600,high,4,2,big,low,unacc
36800,high,4,2,big,med,unacc
46000,high,4,2,big,high,unacc
27600,high,4,4,small,low,unacc
36800,high,4,4,small,med,unacc
46000,high,4,4,small,high,acc
27600,high,4,4,med,low,unacc
36800,high,4,4,med,med,acc
46400,high,4,4,med,high,acc
27600,high,4,4,big,low,unacc
36800,high,4,4,big,med,acc
46400,high,4,4,big,high,acc
27600,high,4,more,small,low,unacc
37200,high,4,more,small,med,unacc
46400,high,4,more,small,high,acc
27600,high,4,more,med,low,unacc
37200,high,4,more,med,med,acc
46400,high,4,more,med,high,acc
28000,high,4,more,big,low,unacc
37200,high,4,more,big,med,acc
46400,high,4,more,big,high,acc
28000,high,5more,2,small,low,unacc
37200,high,5more,2,small,med,unacc
46400,high,5more,2,small,high,unacc
28000,high,5more,2,med,low,unacc
37200,high,5more,2,med,med,unacc
46800,high,5more,2,med,high,unacc
28000,high,5more,2,big,low,unacc
37200,high,5more,2,big,med,unacc
46800,high,5more,2,big,high,unacc
28000,high,5more,4,small,low,unacc
37600,high,5more,4,small,med,unacc
46800,high,5more,4,small,high,acc
28000,high,5more,4,med,low,unacc
37600,high,5more,4,med,med,acc
46800,high,5more,4,med,high,acc
28400,high,5more,4,big,low,unacc
37600,high,5more,4,big,med,acc
46800,high,5more,4,big,high,acc
28400,high,5more,more,small,low,unacc
37600,high,5more,more,small,med,unacc
46800,high,5more,more,small,high,acc
28400,high,5more,more,med,low,unacc
37600,high,5more,more,med,med,acc
47200,high,5more,more,med,high,acc
28400,high,5more,more,big,low,unacc
37600,high,5more,more,big,med,acc
47200,high,5more,more,big,high,acc
28400,med,2,2,small,low,unacc
38000,med,2,2,small,med,unacc
47200,med,2,2,small,high,unacc
28400,med,2,2,med,low,unacc
38000,med,2,2,med,med,unacc
47200,med,2,2,med,high,unacc
28400,med,2,2,big,low,unacc
38000,med,2,2,big,med,unacc
47200,med,2,2,big,high,unacc
28800,med,2,4,small,low,unacc
38000,med,2,4,small,med,unacc
47200,med,2,4,small,high,acc
28800,med,2,4,med,low,unacc
38000,med,2,4,med,med,unacc
47200,med,2,4,med,high,acc
28800,med,2,4,big,low,unacc
38000,med,2,4,big,med,acc
47600,med,2,4,big,high,acc
28800,med,2,more,small,low,unacc
38000,med,2,more,small,med,unacc
47600,med,2,more,small,high,unacc
28800,med,2,more,med,low,unacc
38400,med,2,more,med,med,unacc
47600,med,2,more,med,high,acc
28800,med,2,more,big,low,unacc
38400,med,2,more,big,med,acc
47600,med,2,more,big,high,acc
29200,med,3,2,small,low,unacc
38400,med,3,2,small,med,unacc
47600,med,3,2,small,high,unacc
29200,med,3,2,med,low,unacc
38400,med,3,2,med,med,unacc
47600,med,3,2,med,high,unacc
29200,med,3,2,big,low,unacc
38400,med,3,2,big,med,unacc
48000,med,3,2,big,high,unacc
29200,med,3,4,small,low,unacc
38400,med,3,4,small,med,unacc
48000,med,3,4,small,high,acc
29200,med,3,4,med,low,unacc
38800,med,3,4,med,med,unacc
48000,med,3,4,med,high,acc
29200,med,3,4,big,low,unacc
38800,med,3,4,big,med,acc
48000,med,3,4,big,high,acc
29600,med,3,more,small,low,unacc
38800,med,3,more,small,med,unacc
48000,med,3,more,small,high,acc
29600,med,3,more,med,low,unacc
38800,med,3,more,med,med,acc
48000,med,3,more,med,high,acc
29600,med,3,more,big,low,unacc
38800,med,3,more,big,med,acc
48400,med,3,more,big,high,acc
29600,med,4,2,small,low,unacc
38800,med,4,2,small,med,unacc
48400,med,4,2,small,high,unacc
29600,med,4,2,med,low,unacc
39200,med,4,2,med,med,unacc
48400,med,4,2,med,high,unacc
29600,med,4,2,big,low,unacc
39200,med,4,2,big,med,unacc
48400,med,4,2,big,high,unacc
30000,med,4,4,small,low,unacc
39200,med,4,4,small,med,unacc
48400,med,4,4,small,high,acc
30000,med,4,4,med,low,unacc
39200,med,4,4,med,med,acc
48400,med,4,4,med,high,acc
30000,med,4,4,big,low,unacc
39200,med,4,4,big,med,acc
48800,med,4,4,big,high,acc
30000,med,4,more,small,low,unacc
39200,med,4,more,small,med,unacc
48800,med,4,more,small,high,acc
30000,med,4,more,med,low,unacc
39600,med,4,more,med,med,acc
48800,med,4,more,med,high,acc
30000,med,4,more,big,low,unacc
39600,med,4,more,big,med,acc
48800,med,4,more,big,high,acc
30400,med,5more,2,small,low,unacc
39600,med,5more,2,small,med,unacc
48800,med,5more,2,small,high,unacc
30400,med,5more,2,med,low,unacc
39600,med,5more,2,med,med,unacc
48800,med,5more,2,med,high,unacc
30400,med,5more,2,big,low,unacc
39600,med,5more,2,big,med,unacc
49200,med,5more,2,big,high,unacc
30400,med,5more,4,small,low,unacc
39600,med,5more,4,small,med,unacc
49200,med,5more,4,small,high,acc
30400,med,5more,4,med,low,unacc
40000,med,5more,4,med,med,acc
49200,med,5more,4,med,high,acc
30400,med,5more,4,big,low,unacc
40000,med,5more,4,big,med,acc
49200,med,5more,4,big,high,acc
30800,med,5more,more,small,low,unacc
40000,med,5more,more,small,med,unacc
49200,med,5more,more,small,high,acc
30800,med,5more,more,med,low,unacc
40000,med,5more,more,med,med,acc
49200,med,5more,more,med,high,acc
30800,med,5more,more,big,low,unacc
40000,med,5more,more,big,med,acc
49600,med,5more,more,big,high,acc
30800,low,2,2,small,low,unacc
40000,low,2,2,small,med,unacc
49600,low,2,2,small,high,unacc
30800,low,2,2,med,low,unacc
40000,low,2,2,med,med,unacc
49600,low,2,2,med,high,unacc
30800,low,2,2,big,low,unacc
40400,low,2,2,big,med,unacc
49600,low,2,2,big,high,unacc
30800,low,2,4,small,low,unacc
40400,low,2,4,small,med,unacc
49600,low,2,4,small,high,acc
31200,low,2,4,med,low,unacc
40400,low,2,4,med,med,unacc
49600,low,2,4,med,high,acc
31200,low,2,4,big,low,unacc
40400,low,2,4,big,med,acc
49600,low,2,4,big,high,acc
31200,low,2,more,small,low,unacc
40400,low,2,more,small,med,unacc
50000,low,2,more,small,high,unacc
31200,low,2,more,med,low,unacc
40400,low,2,more,med,med,unacc
50000,low,2,more,med,high,acc
31200,low,2,more,big,low,unacc
40800,low,2,more,big,med,acc
50000,low,2,more,big,high,acc
31200,low,3,2,small,low,unacc
40800,low,3,2,small,med,unacc
50000,low,3,2,small,high,unacc
31600,low,3,2,med,low,unacc
40800,low,3,2,med,med,unacc
50000,low,3,2,med,high,unacc
31600,low,3,2,big,low,unacc
40800,low,3,2,big,med,unacc
50000,low,3,2,big,high,unacc
31600,low,3,4,small,low,unacc
40800,low,3,4,small,med,unacc
50400,low,3,4,small,high,acc
31600,low,3,4,med,low,unacc
40800,low,3,4,med,med,unacc
50400,low,3,4,med,high,acc
31600,low,3,4,big,low,unacc
41200,low,3,4,big,med,acc
50400,low,3,4,big,high,acc
31600,low,3,more,small,low,unacc
41200,low,3,more,small,med,unacc
50400,low,3,more,small,high,acc
32000,low,3,more,med,low,unacc
41200,low,3,more,med,med,acc
50400,low,3,more,med,high,acc
32000,low,3,more,big,low,unacc
41200,low,3,more,big,med,acc
50400,low,3,more,big,high,acc
32000,low,4,2,small,low,unacc
41200,low,4,2,small,med,unacc
50800,low,4,2,small,high,unacc
32000,low,4,2,med,low,unacc
41200,low,4,2,med,med,unacc
50800,low,4,2,med,high,unacc
32000,low,4,2,big,low,unacc
41600,low,4,2,big,med,unacc
50800,low,4,2,big,high,unacc
32000,low,4,4,small,low,unacc
41600,low,4,4,small,med,unacc
50800,low,4,4,small,high,acc
32400,low,4,4,med,low,unacc
41600,low,4,4,med,med,acc
50800,low,4,4,med,high,acc
32400,low,4,4,big,low,unacc
41600,low,4,4,big,med,acc
50800,low,4,4,big,high,acc
32400,low,4,more,small,low,unacc
41600,low,4,more,small,med,unacc
51200,low,4,more,small,high,acc
32400,low,4,more,med,low,unacc
41600,low,4,more,med,med,acc
51200,low,4,more,med,high,acc
32400,low,4,more,big,low,unacc
42000,low,4,more,big,med,acc
51200,low,4,more,big,high,acc
32400,low,5more,2,small,low,unacc
42000,low,5more,2,small,med,unacc
51200,low,5more,2,small,high,unacc
32800,low,5more,2,med,low,unacc
42000,low,5more,2,med,med,unacc
51200,low,5more,2,med,high,unacc
32800,low,5more,2,big,low,unacc
42000,low,5more,2,big,med,unacc
51200,low,5more,2,big,high,unacc
32800,low,5more,4,small,low,unacc
42000,low,5more,4,small,med,unacc
51600,low,5more,4,small,high,acc
32800,low,5more,4,med,low,unacc
42000,low,5more,4,med,med,acc
51600,low,5more,4,med,high,acc
32800,low,5more,4,big,low,unacc
42400,low,5more,4,big,med,acc
51600,low,5more,4,big,high,acc
32800,low,5more,more,small,low,unacc
42400,low,5more,more,small,med,unacc
51600,low,5more,more,small,high,acc
33200,low,5more,more,med,low,unacc
42400,low,5more,more,med,med,acc
51600,low,5more,more,med,high,acc
33200,low,5more,more,big,low,unacc
42400,low,5more,more,big,med,acc
51600,low,5more,more,big,high,acc
10000,vhigh,2,2,small,low,unacc
14600,vhigh,2,2,small,med,unacc
19200,vhigh,2,2,small,high,unacc
10000,vhigh,2,2,med,low,unacc
14600,vhigh,2,2,med,med,unacc
19200,vhigh,2,2,med,high,unacc
10000,vhigh,2,2,big,low,unacc
14600,vhigh,2,2,big,med,unacc
19200,vhigh,2,2,big,high,unacc
10000,vhigh,2,4,small,low,unacc
14600,vhigh,2,4,small,med,unacc
19400,vhigh,2,4,small,high,acc
10000,vhigh,2,4,med,low,unacc
14600,vhigh,2,4,med,med,unacc
19400,vhigh,2,4,med,high,acc
10000,vhigh,2,4,big,low,unacc
14800,vhigh,2,4,big,med,acc
19400,vhigh,2,4,big,high,acc
10000,vhigh,2,more,small,low,unacc
14800,vhigh,2,more,small,med,unacc
19400,vhigh,2,more,small,high,unacc
10200,vhigh,2,more,med,low,unacc
14800,vhigh,2,more,med,med,unacc
19400,vhigh,2,more,med,high,acc
10200,vhigh,2,more,big,low,unacc
14800,vhigh,2,more,big,med,acc
19400,vhigh,2,more,big,high,acc
10200,vhigh,3,2,small,low,unacc
14800,vhigh,3,2,small,med,unacc
19600,vhigh,3,2,small,high,unacc
10200,vhigh,3,2,med,low,unacc
14800,vhigh,3,2,med,med,unacc
19600,vhigh,3,2,med,high,unacc
10200,vhigh,3,2,big,low,unacc
15000,vhigh,3,2,big,med,unacc
19600,vhigh,3,2,big,high,unacc
10200,vhigh,3,4,small,low,unacc
15000,vhigh,3,4,small,med,unacc
19600,vhigh,3,4,small,high,acc
10400,vhigh,3,4,med,low,unacc
15000,vhigh,3,4,med,med,unacc
19600,vhigh,3,4,med,high,acc
10400,vhigh,3,4,big,low,unacc
15000,vhigh,3,4,big,med,acc
19600,vhigh,3,4,big,high,acc
10400,vhigh,3,more,small,low,unacc
15000,vhigh,3,more,small,med,unacc
19800,vhigh,3,more,small,high,acc
10400,vhigh,3,more,med,low,unacc
15000,vhigh,3,more,med,med,acc
19800,vhigh,3,more,med,high,acc
10400,vhigh,3,more,big,low,unacc
15200,vhigh,3,more,big,med,acc
19800,vhigh,3,more,big,high,acc
10400,vhigh,4,2,small,low,unacc
15200,vhigh,4,2,small,med,unacc
19800,vhigh,4,2,small,high,unacc
10600,vhigh,4,2,med,low,unacc
15200,vhigh,4,2,med,med,unacc
19800,vhigh,4,2,med,high,unacc
10600,vhigh,4,2,big,low,unacc
15200,vhigh,4,2,big,med,unacc
19800,vhigh,4,2,big,high,unacc
10600,vhigh,4,4,small,low,unacc
15200,vhigh,4,4,small,med,unacc
20000,vhigh,4,4,small,high,acc
10600,vhigh,4,4,med,low,unacc
15200,vhigh,4,4,med,med,acc
20000,vhigh,4,4,med,high,acc
10600,vhigh,4,4,big,low,unacc
15400,vhigh,4,4,big,med,acc
20000,vhigh,4,4,big,high,acc
10600,vhigh,4,more,small,low,unacc
15400,vhigh,4,more,small,med,unacc
20000,vhigh,4,more,small,high,acc
10800,vhigh,4,more,med,low,unacc
15400,vhigh,4,more,med,med,acc
20000,vhigh,4,more,med,high,acc
10800,vhigh,4,more,big,low,unacc
15400,vhigh,4,more,big,med,acc
20000,vhigh,4,more,big,high,acc
10800,vhigh,5more,2,small,low,unacc
15400,vhigh,5more,2,small,med,unacc
20200,vhigh,5more,2,small,high,unacc
10800,vhigh,5more,2,med,low,unacc
15400,vhigh,5more,2,med,med,unacc
20200,vhigh,5more,2,med,high,unacc
10800,vhigh,5more,2,big,low,unacc
15600,vhigh,5more,2,big,med,unacc
20200,vhigh,5more,2,big,high,unacc
10800,vhigh,5more,4,small,low,unacc
15600,vhigh,5more,4,small,med,unacc
20200,vhigh,5more,4,small,high,acc
11000,vhigh,5more,4,med,low,unacc
15600,vhigh,5more,4,med,med,acc
20200,vhigh,5more,4,med,high,acc
11000,vhigh,5more,4,big,low,unacc
15600,vhigh,5more,4,big,med,acc
20200,vhigh,5more,4,big,high,acc
11000,vhigh,5more,more,small,low,unacc
15600,vhigh,5more,more,small,med,unacc
20400,vhigh,5more,more,small,high,acc
11000,vhigh,5more,more,med,low,unacc
15600,vhigh,5more,more,med,med,acc
20400,vhigh,5more,more,med,high,acc
11000,vhigh,5more,more,big,low,unacc
15800,vhigh,5more,more,big,med,acc
20400,vhigh,5more,more,big,high,acc
11000,high,2,2,small,low,unacc
15800,high,2,2,small,med,unacc
20400,high,2,2,small,high,unacc
11000,high,2,2,med,low,unacc
15800,high,2,2,med,med,unacc
20400,high,2,2,med,high,unacc
11200,high,2,2,big,low,unacc
15800,high,2,2,big,med,unacc
20400,high,2,2,big,high,unacc
11200,high,2,4,small,low,unacc
15800,high,2,4,small,med,unacc
20400,high,2,4,small,high,acc
11200,high,2,4,med,low,unacc
15800,high,2,4,med,med,unacc
20600,high,2,4,med,high,acc
11200,high,2,4,big,low,unacc
15800,high,2,4,big,med,acc
20600,high,2,4,big,high,acc
11200,high,2,more,small,low,unacc
16000,high,2,more,small,med,unacc
20600,high,2,more,small,high,unacc
11200,high,2,more,med,low,unacc
16000,high,2,more,med,med,unacc
20600,high,2,more,med,high,acc
11400,high,2,more,big,low,unacc
16000,high,2,more,big,med,acc
20600,high,2,more,big,high,acc
11400,high,3,2,small,low,unacc
16000,high,3,2,small,med,unacc
20600,high,3,2,small,high,unacc
11400,high,3,2,med,low,unacc
16000,high,3,2,med,med,unacc
20800,high,3,2,med,high,unacc
11400,high,3,2,big,low,unacc
16000,high,3,2,big,med,unacc
20800,high,3,2,big,high,unacc
11400,high,3,4,small,low,unacc
16200,high,3,4,small,med,unacc
20800,high,3,4,small,high,acc
11400,high,3,4,med,low,unacc
16200,high,3,4,med,med,unacc
20800,high,3,4,med,high,acc
11600,high,3,4,big,low,unacc
16200,high,3,4,big,med,acc
20800,high,3,4,big,high,acc
11600,high,3,more,small,low,unacc
16200,high,3,more,small,med,unacc
20800,high,3,more,small,high,acc
11600,high,3,more,med,low,unacc
16200,high,3,more,med,med,acc
21000,high,3,more,med,high,acc
11600,high,3,more,big,low,unacc
16200,high,3,more,big,med,acc
21000,high,3,more,big,high,acc
11600,high,4,2,small,low,unacc
16400,high,4,2,small,med,unacc
21000,high,4,2,small,high,unacc
11600,high,4,2,med,low,unacc
16400,high,4,2,med,med,unacc
21000,high,4,2,med,high,unacc
11800,high,4,2,big,low,unacc
16400,high,4,2,big,med,unacc
21000,high,4,2,big,high,unacc
11800,high,4,4,small,low,unacc
16400,high,4,4,small,med,unacc
21000,high,4,4,small,high,acc
11800,high,4,4,med,low,unacc
16400,high,4,4,med,med,acc
21200,high,4,4,med,high,acc
11800,high,4,4,big,low,unacc
16400,high,4,4,big,med,acc
21200,high,4,4,big,high,acc
11800,high,4,more,small,low,unacc
16600,high,4,more,small,med,unacc
21200,high,4,more,small,high,acc
11800,high,4,more,med,low,unacc
16600,high,4,more,med,med,acc
21200,high,4,more,med,high,acc
12000,high,4,more,big,low,unacc
16600,high,4,more,big,med,acc
21200,high,4,more,big,high,acc
12000,high,5more,2,small,low,unacc
16600,high,5more,2,small,med,unacc
21200,high,5more,2,small,high,unacc
12000,high,5more,2,med,low,unacc
16600,high,5more,2,med,med,unacc
21400,high,5more,2,med,high,unacc
12000,high,5more,2,big,low,unacc
16600,high,5more,2,big,med,unacc
21400,high,5more,2,big,high,unacc
12000,high,5more,4,small,low,unacc
16800,high,5more,4,small,med,unacc
21400,high,5more,4,small,high,acc
12000,high,5more,4,med,low,unacc
16800,high,5more,4,med,med,acc
21400,high,5more,4,med,high,acc
12200,high,5more,4,big,low,unacc
16800,high,5more,4,big,med,acc
21400,high,5more,4,big,high,acc
12200,high,5more,more,small,low,unacc
16800,high,5more,more,small,med,unacc
21400,high,5more,more,small,high,acc
12200,high,5more,more,med,low,unacc
16800,high,5more,more,med,med,acc
21600,high,5more,more,med,high,acc
12200,high,5more,more,big,low,unacc
16800,high,5more,more,big,med,acc
21600,high,5more,more,big,high,acc
12200,med,2,2,small,low,unacc
17000,med,2,2,small,med,unacc
21600,med,2,2,small,high,unacc
12200,med,2,2,med,low,unacc
17000,med,2,2,med,med,unacc
21600,med,2,2,med,high,unacc
12200,med,2,2,big,low,unacc
17000,med,2,2,big,med,unacc
21600,med,2,2,big,high,unacc
12400,med,2,4,small,low,unacc
17000,med,2,4,small,med,acc
21600,med,2,4,small,high,acc
12400,med,2,4,med,low,unacc
17000,med,2,4,med,med,acc
21600,med,2,4,med,high,acc
12400,med,2,4,big,low,unacc
17000,med,2,4,big,med,acc
21800,med,2,4,big,high,vgood
12400,med,2,more,small,low,unacc
17000,med,2,more,small,med,unacc
21800,med,2,more,small,high,unacc
12400,med,2,more,med,low,unacc
17200,med,2,more,med,med,acc
21800,med,2,more,med,high,acc
12400,med,2,more,big,low,unacc
17200,med,2,more,big,med,acc
21800,med,2,more,big,high,vgood
12600,med,3,2,small,low,unacc
17200,med,3,2,small,med,unacc
21800,med,3,2,small,high,unacc
12600,med,3,2,med,low,unacc
17200,med,3,2,med,med,unacc
21800,med,3,2,med,high,unacc
12600,med,3,2,big,low,unacc
17200,med,3,2,big,med,unacc
22000,med,3,2,big,high,unacc
12600,med,3,4,small,low,unacc
17200,med,3,4,small,med,acc
22000,med,3,4,small,high,acc
12600,med,3,4,med,low,unacc
17400,med,3,4,med,med,acc
22000,med,3,4,med,high,acc
12600,med,3,4,big,low,unacc
17400,med,3,4,big,med,acc
22000,med,3,4,big,high,vgood
12800,med,3,more,small,low,unacc
17400,med,3,more,small,med,acc
22000,med,3,more,small,high,acc
12800,med,3,more,med,low,unacc
17400,med,3,more,med,med,acc
22000,med,3,more,med,high,vgood
12800,med,3,more,big,low,unacc
17400,med,3,more,big,med,acc
22200,med,3,more,big,high,vgood
12800,med,4,2,small,low,unacc
17400,med,4,2,small,med,unacc
22200,med,4,2,small,high,unacc
12800,med,4,2,med,low,unacc
17600,med,4,2,med,med,unacc
22200,med,4,2,med,high,unacc
12800,med,4,2,big,low,unacc
17600,med,4,2,big,med,unacc
22200,med,4,2,big,high,unacc
13000,med,4,4,small,low,unacc
17600,med,4,4,small,med,acc
22200,med,4,4,small,high,acc
13000,med,4,4,med,low,unacc
17600,med,4,4,med,med,acc
22200,med,4,4,med,high,vgood
13000,med,4,4,big,low,unacc
17600,med,4,4,big,med,acc
22400,med,4,4,big,high,vgood
13000,med,4,more,small,low,unacc
17600,med,4,more,small,med,acc
22400,med,4,more,small,high,acc
13000,med,4,more,med,low,unacc
17800,med,4,more,med,med,acc
22400,med,4,more,med,high,vgood
13000,med,4,more,big,low,unacc
17800,med,4,more,big,med,acc
22400,med,4,more,big,high,vgood
13200,med,5more,2,small,low,unacc
17800,med,5more,2,small,med,unacc
22400,med,5more,2,small,high,unacc
13200,med,5more,2,med,low,unacc
17800,med,5more,2,med,med,unacc
22400,med,5more,2,med,high,unacc
13200,med,5more,2,big,low,unacc
17800,med,5more,2,big,med,unacc
22600,med,5more,2,big,high,unacc
13200,med,5more,4,small,low,unacc
17800,med,5more,4,small,med,acc
22600,med,5more,4,small,high,acc
13200,med,5more,4,med,low,unacc
18000,med,5more,4,med,med,acc
22600,med,5more,4,med,high,vgood
13200,med,5more,4,big,low,unacc
18000,med,5more,4,big,med,acc
22600,med,5more,4,big,high,vgood
13400,med,5more,more,small,low,unacc
18000,med,5more,more,small,med,acc
22600,med,5more,more,small,high,acc
13400,med,5more,more,med,low,unacc
18000,med,5more,more,med,med,acc
22600,med,5more,more,med,high,vgood
13400,med,5more,more,big,low,unacc
18000,med,5more,more,big,med,acc
22800,med,5more,more,big,high,vgood
13400,low,2,2,small,low,unacc
18000,low,2,2,small,med,unacc
22800,low,2,2,small,high,unacc
13400,low,2,2,med,low,unacc
18000,low,2,2,med,med,unacc
22800,low,2,2,med,high,unacc
13400,low,2,2,big,low,unacc
18200,low,2,2,big,med,unacc
22800,low,2,2,big,high,unacc
13400,low,2,4,small,low,unacc
18200,low,2,4,small,med,acc
22800,low,2,4,small,high,good
13600,low,2,4,med,low,unacc
18200,low,2,4,med,med,acc
22800,low,2,4,med,high,good
13600,low,2,4,big,low,unacc
18200,low,2,4,big,med,good
22800,low,2,4,big,high,vgood
13600,low,2,more,small,low,unacc
18200,low,2,more,small,med,unacc
23000,low,2,more,small,high,unacc
13600,low,2,more,med,low,unacc
18200,low,2,more,med,med,acc
23000,low,2,more,med,high,good
13600,low,2,more,big,low,unacc
18400,low,2,more,big,med,good
23000,low,2,more,big,high,vgood
13600,low,3,2,small,low,unacc
18400,low,3,2,small,med,unacc
23000,low,3,2,small,high,unacc
13800,low,3,2,med,low,unacc
18400,low,3,2,med,med,unacc
23000,low,3,2,med,high,unacc
13800,low,3,2,big,low,unacc
18400,low,3,2,big,med,unacc
23000,low,3,2,big,high,unacc
13800,low,3,4,small,low,unacc
18400,low,3,4,small,med,acc
23200,low,3,4,small,high,good
13800,low,3,4,med,low,unacc
18400,low,3,4,med,med,acc
23200,low,3,4,med,high,good
13800,low,3,4,big,low,unacc
18600,low,3,4,big,med,good
23200,low,3,4,big,high,vgood
13800,low,3,more,small,low,unacc
18600,low,3,more,small,med,acc
23200,low,3,more,small,high,good
14000,low,3,more,med,low,unacc
18600,low,3,more,med,med,good
23200,low,3,more,med,high,vgood
14000,low,3,more,big,low,unacc
18600,low,3,more,big,med,good
23200,low,3,more,big,high,vgood
14000,low,4,2,small,low,unacc
18600,low,4,2,small,med,unacc
23400,low,4,2,small,high,unacc
14000,low,4,2,med,low,unacc
18600,low,4,2,med,med,unacc
23400,low,4,2,med,high,unacc
14000,low,4,2,big,low,unacc
18800,low,4,2,big,med,unacc
23400,low,4,2,big,high,unacc
14000,low,4,4,small,low,unacc
18800,low,4,4,small,med,acc
23400,low,4,4,small,high,good
14200,low,4,4,med,low,unacc
18800,low,4,4,med,med,good
23400,low,4,4,med,high,vgood
14200,low,4,4,big,low,unacc
18800,low,4,4,big,med,good
23400,low,4,4,big,high,vgood
14200,low,4,more,small,low,unacc
18800,low,4,more,small,med,acc
23600,low,4,more,small,high,good
14200,low,4,more,med,low,unacc
18800,low,4,more,med,med,good
23600,low,4,more,med,high,vgood
14200,low,4,more,big,low,unacc
19000,low,4,more,big,med,good
23600,low,4,more,big,high,vgood
14200,low,5more,2,small,low,unacc
19000,low,5more,2,small,med,unacc
23600,low,5more,2,small,high,unacc
14400,low,5more,2,med,low,unacc
19000,low,5more,2,med,med,unacc
23600,low,5more,2,med,high,unacc
14400,low,5more,2,big,low,unacc
19000,low,5more,2,big,med,unacc
23600,low,5more,2,big,high,unacc
14400,low,5more,4,small,low,unacc
19000,low,5more,4,small,med,acc
23800,low,5more,4,small,high,good
14400,low,5more,4,med,low,unacc
19000,low,5more,4,med,med,good
23800,low,5more,4,med,high,vgood
14400,low,5more,4,big,low,unacc
19200,low,5more,4,big,med,good
23800,low,5more,4,big,high,vgood
14400,low,5more,more,small,low,unacc
19200,low,5more,more,small,med,acc
23800,low,5more,more,small,high,good
14600,low,5more,more,med,low,unacc
19200,low,5more,more,med,med,good
23800,low,5more,more,med,high,vgood
14600,low,5more,more,big,low,unacc
19200,low,5more,more,big,med,good
23800,low,5more,more,big,high,vgood
3000,vhigh,2,2,small,low,unacc
5300,vhigh,2,2,small,med,unacc
7600,vhigh,2,2,small,high,unacc
3000,vhigh,2,2,med,low,unacc
5300,vhigh,2,2,med,med,unacc
7600,vhigh,2,2,med,high,unacc
3000,vhigh,2,2,big,low,unacc
5300,vhigh,2,2,big,med,unacc
7600,vhigh,2,2,big,high,unacc
3000,vhigh,2,4,small,low,unacc
5300,vhigh,2,4,small,med,unacc
7700,vhigh,2,4,small,high,acc
3000,vhigh,2,4,med,low,unacc
5300,vhigh,2,4,med,med,unacc
7700,vhigh,2,4,med,high,acc
3000,vhigh,2,4,big,low,unacc
5400,vhigh,2,4,big,med,acc
7700,vhigh,2,4,big,high,acc
3000,vhigh,2,more,small,low,unacc
5400,vhigh,2,more,small,med,unacc
7700,vhigh,2,more,small,high,unacc
3100,vhigh,2,more,med,low,unacc
5400,vhigh,2,more,med,med,unacc
7700,vhigh,2,more,med,high,acc
3100,vhigh,2,more,big,low,unacc
5400,vhigh,2,more,big,med,acc
7700,vhigh,2,more,big,high,acc
3100,vhigh,3,2,small,low,unacc
5400,vhigh,3,2,small,med,unacc
7800,vhigh,3,2,small,high,unacc
3100,vhigh,3,2,med,low,unacc
5400,vhigh,3,2,med,med,unacc
7800,vhigh,3,2,med,high,unacc
3100,vhigh,3,2,big,low,unacc
5500,vhigh,3,2,big,med,unacc
7800,vhigh,3,2,big,high,unacc
3100,vhigh,3,4,small,low,unacc
5500,vhigh,3,4,small,med,unacc
7800,vhigh,3,4,small,high,acc
3200,vhigh,3,4,med,low,unacc
5500,vhigh,3,4,med,med,unacc
7800,vhigh,3,4,med,high,acc
3200,vhigh,3,4,big,low,unacc
5500,vhigh,3,4,big,med,acc
7800,vhigh,3,4,big,high,acc
3200,vhigh,3,more,small,low,unacc
5500,vhigh,3,more,small,med,unacc
7900,vhigh,3,more,small,high,acc
3200,vhigh,3,more,med,low,unacc
5500,vhigh,3,more,med,med,acc
7900,vhigh,3,more,med,high,acc
3200,vhigh,3,more,big,low,unacc
5600,vhigh,3,more,big,med,acc
7900,vhigh,3,more,big,high,acc
3200,vhigh,4,2,small,low,unacc
5600,vhigh,4,2,small,med,unacc
7900,vhigh,4,2,small,high,unacc
3300,vhigh,4,2,med,low,unacc
5600,vhigh,4,2,med,med,unacc
7900,vhigh,4,2,med,high,unacc
3300,vhigh,4,2,big,low,unacc
5600,vhigh,4,2,big,med,unacc
7900,vhigh,4,2,big,high,unacc
3300,vhigh,4,4,small,low,unacc
5600,vhigh,4,4,small,med,unacc
8000,vhigh,4,4,small,high,acc
3300,vhigh,4,4,med,low,unacc
5600,vhigh,4,4,med,med,acc
8000,vhigh,4,4,med,high,acc
3300,vhigh,4,4,big,low,unacc
5700,vhigh,4,4,big,med,acc
8000,vhigh,4,4,big,high,acc
3300,vhigh,4,more,small,low,unacc
5700,vhigh,4,more,small,med,unacc
8000,vhigh,4,more,small,high,acc
3400,vhigh,4,more,med,low,unacc
5700,vhigh,4,more,med,med,acc
8000,vhigh,4,more,med,high,acc
3400,vhigh,4,more,big,low,unacc
5700,vhigh,4,more,big,med,acc
8000,vhigh,4,more,big,high,acc
3400,vhigh,5more,2,small,low,unacc
5700,vhigh,5more,2,small,med,unacc
8100,vhigh,5more,2,small,high,unacc
3400,vhigh,5more,2,med,low,unacc
5700,vhigh,5more,2,med,med,unacc
8100,vhigh,5more,2,med,high,unacc
3400,vhigh,5more,2,big,low,unacc
5800,vhigh,5more,2,big,med,unacc
8100,vhigh,5more,2,big,high,unacc
3400,vhigh,5more,4,small,low,unacc
5800,vhigh,5more,4,small,med,unacc
8100,vhigh,5more,4,small,high,acc
3500,vhigh,5more,4,med,low,unacc
5800,vhigh,5more,4,med,med,acc
8100,vhigh,5more,4,med,high,acc
3500,vhigh,5more,4,big,low,unacc
5800,vhigh,5more,4,big,med,acc
8100,vhigh,5more,4,big,high,acc
3500,vhigh,5more,more,small,low,unacc
5800,vhigh,5more,more,small,med,unacc
8200,vhigh,5more,more,small,high,acc
3500,vhigh,5more,more,med,low,unacc
5800,vhigh,5more,more,med,med,acc
8200,vhigh,5more,more,med,high,acc
3500,vhigh,5more,more,big,low,unacc
5900,vhigh,5more,more,big,med,acc
8200,vhigh,5more,more,big,high,acc
3500,high,2,2,small,low,unacc
5900,high,2,2,small,med,unacc
8200,high,2,2,small,high,unacc
3500,high,2,2,med,low,unacc
5900,high,2,2,med,med,unacc
8200,high,2,2,med,high,unacc
3600,high,2,2,big,low,unacc
5900,high,2,2,big,med,unacc
8200,high,2,2,big,high,unacc
3600,high,2,4,small,low,unacc
5900,high,2,4,small,med,acc
8200,high,2,4,small,high,acc
3600,high,2,4,med,low,unacc
5900,high,2,4,med,med,acc
8300,high,2,4,med,high,acc
3600,high,2,4,big,low,unacc
5900,high,2,4,big,med,acc
8300,high,2,4,big,high,vgood
3600,high,2,more,small,low,unacc
6000,high,2,more,small,med,unacc
8300,high,2,more,small,high,unacc
3600,high,2,more,med,low,unacc
6000,high,2,more,med,med,acc
8300,high,2,more,med,high,acc
3700,high,2,more,big,low,unacc
6000,high,2,more,big,med,acc
8300,high,2,more,big,high,vgood
3700,high,3,2,small,low,unacc
6000,high,3,2,small,med,unacc
8300,high,3,2,small,high,unacc
3700,high,3,2,med,low,unacc
6000,high,3,2,med,med,unacc
8400,high,3,2,med,high,unacc
3700,high,3,2,big,low,unacc
6000,high,3,2,big,med,unacc
8400,high,3,2,big,high,unacc
3700,high,3,4,small,low,unacc
6100,high,3,4,small,med,acc
8400,high,3,4,small,high,acc
3700,high,3,4,med,low,unacc
6100,high,3,4,med,med,acc
8400,high,3,4,med,high,acc
3800,high,3,4,big,low,unacc
6100,high,3,4,big,med,acc
8400,high,3,4,big,high,vgood
3800,high,3,more,small,low,unacc
6100,high,3,more,small,med,acc
8400,high,3,more,small,high,acc
3800,high,3,more,med,low,unacc
6100,high,3,more,med,med,acc
8500,high,3,more,med,high,vgood
3800,high,3,more,big,low,unacc
6100,high,3,more,big,med,acc
8500,high,3,more,big,high,vgood
3800,high,4,2,small,low,unacc
6200,high,4,2,small,med,unacc
8500,high,4,2,small,high,unacc
3800,high,4,2,med,low,unacc
6200,high,4,2,med,med,unacc
8500,high,4,2,med,high,unacc
3900,high,4,2,big,low,unacc
6200,high,4,2,big,med,unacc
8500,high,4,2,big,high,unacc
3900,high,4,4,small,low,unacc
6200,high,4,4,small,med,acc
8500,high,4,4,small,high,acc
3900,high,4,4,med,low,unacc
6200,high,4,4,med,med,acc
8600,high,4,4,med,high,vgood
3900,high,4,4,big,low,unacc
6200,high,4,4,big,med,acc
8600,high,4,4,big,high,vgood
3900,high,4,more,small,low,unacc
6300,high,4,more,small,med,acc
8600,high,4,more,small,high,acc
3900,high,4,more,med,low,unacc
6300,high,4,more,med,med,acc
8600,high,4,more,med,high,vgood
4000,high,4,more,big,low,unacc
6300,high,4,more,big,med,acc
8600,high,4,more,big,high,vgood
4000,high,5more,2,small,low,unacc
6300,high,5more,2,small,med,unacc
8600,high,5more,2,small,high,unacc
4000,high,5more,2,med,low,unacc
6300,high,5more,2,med,med,unacc
8700,high,5more,2,med,high,unacc
4000,high,5more,2,big,low,unacc
6300,high,5more,2,big,med,unacc
8700,high,5more,2,big,high,unacc
4000,high,5more,4,small,low,unacc
6400,high,5more,4,small,med,acc
8700,high,5more,4,small,high,acc
4000,high,5more,4,med,low,unacc
6400,high,5more,4,med,med,acc
8700,high,5more,4,med,high,vgood
4100,high,5more,4,big,low,unacc
6400,high,5more,4,big,med,acc
8700,high,5more,4,big,high,vgood
4100,high,5more,more,small,low,unacc
6400,high,5more,more,small,med,acc
8700,high,5more,more,small,high,acc
4100,high,5more,more,med,low,unacc
6400,high,5more,more,med,med,acc
8800,high,5more,more,med,high,vgood
4100,high,5more,more,big,low,unacc
6400,high,5more,more,big,med,acc
8800,high,5more,more,big,high,vgood
4100,med,2,2,small,low,unacc
6500,med,2,2,small,med,unacc
8800,med,2,2,small,high,unacc
4100,med,2,2,med,low,unacc
6500,med,2,2,med,med,unacc
8800,med,2,2,med,high,unacc
4100,med,2,2,big,low,unacc
6500,med,2,2,big,med,unacc
8800,med,2,2,big,high,unacc
4200,med,2,4,small,low,unacc
6500,med,2,4,small,med,acc
8800,med,2,4,small,high,good
4200,med,2,4,med,low,unacc
6500,med,2,4,med,med,acc
8800,med,2,4,med,high,good
4200,med,2,4,big,low,unacc
6500,med,2,4,big,med,good
8900,med,2,4,big,high,vgood
4200,med,2,more,small,low,unacc
6500,med,2,more,small,med,unacc
8900,med,2,more,small,high,unacc
4200,med,2,more,med,low,unacc
6600,med,2,more,med,med,acc
8900,med,2,more,med,high,good
4200,med,2,more,big,low,unacc
6600,med,2,more,big,med,good
8900,med,2,more,big,high,vgood
4300,med,3,2,small,low,unacc
6600,med,3,2,small,med,unacc
8900,med,3,2,small,high,unacc
4300,med,3,2,med,low,unacc
6600,med,3,2,med,med,unacc
8900,med,3,2,med,high,unacc
4300,med,3,2,big,low,unacc
6600,med,3,2,big,med,unacc
9000,med,3,2,big,high,unacc
4300,med,3,4,small,low,unacc
6600,med,3,4,small,med,acc
9000,med,3,4,small,high,good
4300,med,3,4,med,low,unacc
6700,med,3,4,med,med,acc
9000,med,3,4,med,high,good
4300,med,3,4,big,low,unacc
6700,med,3,4,big,med,good
9000,med,3,4,big,high,vgood
4400,med,3,more,small,low,unacc
6700,med,3,more,small,med,acc
9000,med,3,more,small,high,good
4400,med,3,more,med,low,unacc
6700,med,3,more,med,med,good
9000,med,3,more,med,high,vgood
4400,med,3,more,big,low,unacc
6700,med,3,more,big,med,good
9100,med,3,more,big,high,vgood
4400,med,4,2,small,low,unacc
6700,med,4,2,small,med,unacc
9100,med,4,2,small,high,unacc
4400,med,4,2,med,low,unacc
6800,med,4,2,med,med,unacc
9100,med,4,2,med,high,unacc
4400,med,4,2,big,low,unacc
6800,med,4,2,big,med,unacc
9100,med,4,2,big,high,unacc
4500,med,4,4,small,low,unacc
6800,med,4,4,small,med,acc
9100,med,4,4,small,high,good
4500,med,4,4,med,low,unacc
6800,med,4,4,med,med,good
9100,med,4,4,med,high,vgood
4500,med,4,4,big,low,unacc
6800,med,4,4,big,med,good
9200,med,4,4,big,high,vgood
4500,med,4,more,small,low,unacc
6800,med,4,more,small,med,acc
9200,med,4,more,small,high,good
4500,med,4,more,med,low,unacc
6900,med,4,more,med,med,good
9200,med,4,more,med,high,vgood
4500,med,4,more,big,low,unacc
6900,med,4,more,big,med,good
9200,med,4,more,big,high,vgood
4600,med,5more,2,small,low,unacc
6900,med,5more,2,small,med,unacc
9200,med,5more,2,small,high,unacc
4600,med,5more,2,med,low,unacc
6900,med,5more,2,med,med,unacc
9200,med,5more,2,med,high,unacc
4600,med,5more,2,big,low,unacc
6900,med,5more,2,big,med,unacc
9300,med,5more,2,big,high,unacc
4600,med,5more,4,small,low,unacc
6900,med,5more,4,small,med,acc
9300,med,5more,4,small,high,good
4600,med,5more,4,med,low,unacc
7000,med,5more,4,med,med,good
9300,med,5more,4,med,high,vgood
4600,med,5more,4,big,low,unacc
7000,med,5more,4,big,med,good
9300,med,5more,4,big,high,vgood
4700,med,5more,more,small,low,unacc
7000,med,5more,more,small,med,acc
9300,med,5more,more,small,high,good
4700,med,5more,more,med,low,unacc
7000,med,5more,more,med,med,good
9300,med,5more,more,med,high,vgood
4700,med,5more,more,big,low,unacc
7000,med,5more,more,big,med,good
9400,med,5more,more,big,high,vgood
4700,low,2,2,small,low,unacc
7000,low,2,2,small,med,unacc
9400,low,2,2,small,high,unacc
4700,low,2,2,med,low,unacc
7000,low,2,2,med,med,unacc
9400,low,2,2,med,high,acc
4700,low,2,2,big,low,unacc
7100,low,2,2,big,med,unacc
9400,low,2,2,big,high,acc
4700,low,2,4,small,low,unacc
7100,low,2,4,small,med,acc
9400,low,2,4,small,high,good
4800,low,2,4,med,low,unacc
7100,low,2,4,med,med,acc
9400,low,2,4,med,high,good
4800,low,2,4,big,low,unacc
7100,low,2,4,big,med,good
9400,low,2,4,big,high,vgood
4800,low,2,more,small,low,unacc
7100,low,2,more,small,med,unacc
9500,low,2,more,small,high,unacc
4800,low,2,more,med,low,unacc
7100,low,2,more,med,med,acc
9500,low,2,more,med,high,good
4800,low,2,more,big,low,unacc
7200,low,2,more,big,med,good
9500,low,2,more,big,high,vgood
4800,low,3,2,small,low,unacc
7200,low,3,2,small,med,unacc
9500,low,3,2,small,high,unacc
4900,low,3,2,med,low,unacc
7200,low,3,2,med,med,unacc
9500,low,3,2,med,high,acc
4900,low,3,2,big,low,unacc
7200,low,3,2,big,med,unacc
9500,low,3,2,big,high,acc
4900,low,3,4,small,low,unacc
7200,low,3,4,small,med,acc
9600,low,3,4,small,high,good
4900,low,3,4,med,low,unacc
7200,low,3,4,med,med,acc
9600,low,3,4,med,high,good
4900,low,3,4,big,low,unacc
7300,low,3,4,big,med,good
9600,low,3,4,big,high,vgood
4900,low,3,more,small,low,unacc
7300,low,3,more,small,med,acc
9600,low,3,more,small,high,good
5000,low,3,more,med,low,unacc
7300,low,3,more,med,med,good
9600,low,3,more,med,high,vgood
5000,low,3,more,big,low,unacc
7300,low,3,more,big,med,good
9600,low,3,more,big,high,vgood
5000,low,4,2,small,low,unacc
7300,low,4,2,small,med,unacc
9700,low,4,2,small,high,unacc
5000,low,4,2,med,low,unacc
7300,low,4,2,med,med,unacc
9700,low,4,2,med,high,unacc
5000,low,4,2,big,low,unacc
7400,low,4,2,big,med,unacc
9700,low,4,2,big,high,unacc
5000,low,4,4,small,low,unacc
7400,low,4,4,small,med,acc
9700,low,4,4,small,high,good
5100,low,4,4,med,low,unacc
7400,low,4,4,med,med,good
9700,low,4,4,med,high,vgood
5100,low,4,4,big,low,unacc
7400,low,4,4,big,med,good
9700,low,4,4,big,high,vgood
5100,low,4,more,small,low,unacc
7400,low,4,more,small,med,acc
9800,low,4,more,small,high,good
5100,low,4,more,med,low,unacc
7400,low,4,more,med,med,good
9800,low,4,more,med,high,vgood
5100,low,4,more,big,low,unacc
7500,low,4,more,big,med,good
9800,low,4,more,big,high,vgood
5100,low,5more,2,small,low,unacc
7500,low,5more,2,small,med,unacc
9800,low,5more,2,small,high,unacc
5200,low,5more,2,med,low,unacc
7500,low,5more,2,med,med,unacc
9800,low,5more,2,med,high,unacc
5200,low,5more,2,big,low,unacc
7500,low,5more,2,big,med,unacc
9800,low,5more,2,big,high,unacc
5200,low,5more,4,small,low,unacc
7500,low,5more,4,small,med,acc
9900,low,5more,4,small,high,good
5200,low,5more,4,med,low,unacc
7500,low,5more,4,med,med,good
9900,low,5more,4,med,high,vgood
5200,low,5more,4,big,low,unacc
7600,low,5more,4,big,med,good
9900,low,5more,4,big,high,vgood
5200,low,5more,more,small,low,unacc
7600,low,5more,more,small,med,acc
9900,low,5more,more,small,high,good
5300,low,5more,more,med,low,unacc
7600,low,5more,more,med,med,good
9900,low,5more,more,med,high,vgood
5300,low,5more,more,big,low,unacc
7600,low,5more,more,big,med,good
9900,low,5more,more,big,high,vgood
